{"data": [{"wav": "/home/cn/lcr/pann/audioset_tagging_cnn-master/audioset/train-55-3/00ZCA-5-1.wav", "labels": "5"}, {"wav": "/home/cn/lcr/pann/audioset_tagging_cnn-master/audioset/train-55-3/01KML-5-1.wav", "labels": "5"}, {"wav": "/home/cn/lcr/pann/audioset_tagging_cnn-master/audioset/train-55-3/02CYP-7-1.wav", "labels": "7"}, {"wav": "/home/cn/lcr/pann/audioset_tagging_cnn-master/audioset/train-55-3/06NUT-13-1.wav", "labels": "13"}, {"wav": "/home/cn/lcr/pann/audioset_tagging_cnn-master/audioset/train-55-3/07BSH-5-1.wav", "labels": "5"}, {"wav": "/home/cn/lcr/pann/audioset_tagging_cnn-master/audioset/train-55-3/07QNG-7-1.wav", "labels": "7"}, {"wav": "/home/cn/lcr/pann/audioset_tagging_cnn-master/audioset/train-55-3/07TCM-18-1.wav", "labels": "18"}, {"wav": "/home/cn/lcr/pann/audioset_tagging_cnn-master/audioset/train-55-3/08QQS-16-1.wav", "labels": "16"}, {"wav": "/home/cn/lcr/pann/audioset_tagging_cnn-master/audioset/train-55-3/099Y1-16-1.wav", "labels": "16"}, {"wav": "/home/cn/lcr/pann/audioset_tagging_cnn-master/audioset/train-55-3/09AT0-13-1.wav", "labels": "13"}, {"wav": "/home/cn/lcr/pann/audioset_tagging_cnn-master/audioset/train-55-3/09F15-18-1.wav", "labels": "18"}, {"wav": "/home/cn/lcr/pann/audioset_tagging_cnn-master/audioset/train-55-3/0BLSL-2-1.wav", "labels": "2"}, {"wav": "/home/cn/lcr/pann/audioset_tagging_cnn-master/audioset/train-55-3/0BX9N-13-1.wav", "labels": "13"}, {"wav": "/home/cn/lcr/pann/audioset_tagging_cnn-master/audioset/train-55-3/0BX9N-13-2.wav", "labels": "13"}, {"wav": "/home/cn/lcr/pann/audioset_tagging_cnn-master/audioset/train-55-3/0BX9N-18-1.wav", "labels": "18"}, {"wav": "/home/cn/lcr/pann/audioset_tagging_cnn-master/audioset/train-55-3/0BXRP-13-1.wav", "labels": "13"}, {"wav": "/home/cn/lcr/pann/audioset_tagging_cnn-master/audioset/train-55-3/0BXRP-13-2.wav", "labels": "13"}, {"wav": "/home/cn/lcr/pann/audioset_tagging_cnn-master/audioset/train-55-3/0BZAD-7-1.wav", "labels": "7"}, {"wav": "/home/cn/lcr/pann/audioset_tagging_cnn-master/audioset/train-55-3/0CG15-18-1.wav", "labels": "18"}, {"wav": "/home/cn/lcr/pann/audioset_tagging_cnn-master/audioset/train-55-3/0CGMQ-7-1.wav", "labels": "7"}, {"wav": "/home/cn/lcr/pann/audioset_tagging_cnn-master/audioset/train-55-3/0CQL8-16-1.wav", "labels": "16"}, {"wav": "/home/cn/lcr/pann/audioset_tagging_cnn-master/audioset/train-55-3/0DBQD-7-1.wav", "labels": "7"}, {"wav": "/home/cn/lcr/pann/audioset_tagging_cnn-master/audioset/train-55-3/0DD62-18-1.wav", "labels": "18"}, {"wav": "/home/cn/lcr/pann/audioset_tagging_cnn-master/audioset/train-55-3/0DD62-18-2.wav", "labels": "18"}, {"wav": "/home/cn/lcr/pann/audioset_tagging_cnn-master/audioset/train-55-3/0DY8C-7-1.wav", "labels": "7"}, {"wav": "/home/cn/lcr/pann/audioset_tagging_cnn-master/audioset/train-55-3/0DY8C-7-2.wav", "labels": "7"}, {"wav": "/home/cn/lcr/pann/audioset_tagging_cnn-master/audioset/train-55-3/0ETKN-13-1.wav", "labels": "13"}, {"wav": "/home/cn/lcr/pann/audioset_tagging_cnn-master/audioset/train-55-3/0F453-18-1.wav", "labels": "18"}, {"wav": "/home/cn/lcr/pann/audioset_tagging_cnn-master/audioset/train-55-3/0FJSU-7-1.wav", "labels": "7"}, {"wav": "/home/cn/lcr/pann/audioset_tagging_cnn-master/audioset/train-55-3/0GH5O-7-1.wav", "labels": "7"}, {"wav": "/home/cn/lcr/pann/audioset_tagging_cnn-master/audioset/train-55-3/0GYRH-13-1.wav", "labels": "13"}, {"wav": "/home/cn/lcr/pann/audioset_tagging_cnn-master/audioset/train-55-3/0HV07-18-1.wav", "labels": "18"}, {"wav": "/home/cn/lcr/pann/audioset_tagging_cnn-master/audioset/train-55-3/0IAGO-18-1.wav", "labels": "18"}, {"wav": "/home/cn/lcr/pann/audioset_tagging_cnn-master/audioset/train-55-3/0IFCL-16-1.wav", "labels": "16"}, {"wav": "/home/cn/lcr/pann/audioset_tagging_cnn-master/audioset/train-55-3/0IKE9-2-1.wav", "labels": "2"}, {"wav": "/home/cn/lcr/pann/audioset_tagging_cnn-master/audioset/train-55-3/0IU3G-18-1.wav", "labels": "18"}, {"wav": "/home/cn/lcr/pann/audioset_tagging_cnn-master/audioset/train-55-3/0J5T4-2-1.wav", "labels": "2"}, {"wav": "/home/cn/lcr/pann/audioset_tagging_cnn-master/audioset/train-55-3/0JB3D-2-1.wav", "labels": "2"}, {"wav": "/home/cn/lcr/pann/audioset_tagging_cnn-master/audioset/train-55-3/0JHMW-2-1.wav", "labels": "2"}, {"wav": "/home/cn/lcr/pann/audioset_tagging_cnn-master/audioset/train-55-3/0JXN3-18-1.wav", "labels": "18"}, {"wav": "/home/cn/lcr/pann/audioset_tagging_cnn-master/audioset/train-55-3/0KTWY-2-1.wav", "labels": "2"}, {"wav": "/home/cn/lcr/pann/audioset_tagging_cnn-master/audioset/train-55-3/0LHWF-18-1.wav", "labels": "18"}, {"wav": "/home/cn/lcr/pann/audioset_tagging_cnn-master/audioset/train-55-3/0M1ZU-18-1.wav", "labels": "18"}, {"wav": "/home/cn/lcr/pann/audioset_tagging_cnn-master/audioset/train-55-3/0M1ZU-18-2.wav", "labels": "18"}, {"wav": "/home/cn/lcr/pann/audioset_tagging_cnn-master/audioset/train-55-3/0N4KN-18-1.wav", "labels": "18"}, {"wav": "/home/cn/lcr/pann/audioset_tagging_cnn-master/audioset/train-55-3/0NJ26-18-1.wav", "labels": "18"}, {"wav": "/home/cn/lcr/pann/audioset_tagging_cnn-master/audioset/train-55-3/0NJ26-18-2.wav", "labels": "18"}, {"wav": "/home/cn/lcr/pann/audioset_tagging_cnn-master/audioset/train-55-3/0NM06-7-1.wav", "labels": "7"}, {"wav": "/home/cn/lcr/pann/audioset_tagging_cnn-master/audioset/train-55-3/0NZVB-18-1.wav", "labels": "18"}, {"wav": "/home/cn/lcr/pann/audioset_tagging_cnn-master/audioset/train-55-3/0O36O-18-1.wav", "labels": "18"}, {"wav": "/home/cn/lcr/pann/audioset_tagging_cnn-master/audioset/train-55-3/0OSJY-16-1.wav", "labels": "16"}, {"wav": "/home/cn/lcr/pann/audioset_tagging_cnn-master/audioset/train-55-3/0PKMF-7-1.wav", "labels": "7"}, {"wav": "/home/cn/lcr/pann/audioset_tagging_cnn-master/audioset/train-55-3/0POYO-18-1.wav", "labels": "18"}, {"wav": "/home/cn/lcr/pann/audioset_tagging_cnn-master/audioset/train-55-3/0PU21-2-1.wav", "labels": "2"}, {"wav": "/home/cn/lcr/pann/audioset_tagging_cnn-master/audioset/train-55-3/0PVKV-2-1.wav", "labels": "2"}, {"wav": "/home/cn/lcr/pann/audioset_tagging_cnn-master/audioset/train-55-3/0PVKV-2-2.wav", "labels": "2"}, {"wav": "/home/cn/lcr/pann/audioset_tagging_cnn-master/audioset/train-55-3/0QHR4-16-1.wav", "labels": "16"}, {"wav": "/home/cn/lcr/pann/audioset_tagging_cnn-master/audioset/train-55-3/0RNG6-18-1.wav", "labels": "18"}, {"wav": "/home/cn/lcr/pann/audioset_tagging_cnn-master/audioset/train-55-3/0RSFD-13-1.wav", "labels": "13"}, {"wav": "/home/cn/lcr/pann/audioset_tagging_cnn-master/audioset/train-55-3/0SXRS-13-1.wav", "labels": "13"}, {"wav": "/home/cn/lcr/pann/audioset_tagging_cnn-master/audioset/train-55-3/0TJ7G-2-1.wav", "labels": "2"}, {"wav": "/home/cn/lcr/pann/audioset_tagging_cnn-master/audioset/train-55-3/0TKKR-7-1.wav", "labels": "7"}, {"wav": "/home/cn/lcr/pann/audioset_tagging_cnn-master/audioset/train-55-3/0TM53-18-1.wav", "labels": "18"}, {"wav": "/home/cn/lcr/pann/audioset_tagging_cnn-master/audioset/train-55-3/0TXYV-16-1.wav", "labels": "16"}, {"wav": "/home/cn/lcr/pann/audioset_tagging_cnn-master/audioset/train-55-3/0UFGC-18-1.wav", "labels": "18"}, {"wav": "/home/cn/lcr/pann/audioset_tagging_cnn-master/audioset/train-55-3/0USFX-13-1.wav", "labels": "13"}, {"wav": "/home/cn/lcr/pann/audioset_tagging_cnn-master/audioset/train-55-3/0UZ0Y-18-1.wav", "labels": "18"}, {"wav": "/home/cn/lcr/pann/audioset_tagging_cnn-master/audioset/train-55-3/0VKEE-18-1.wav", "labels": "18"}, {"wav": "/home/cn/lcr/pann/audioset_tagging_cnn-master/audioset/train-55-3/0VKEE-18-2.wav", "labels": "18"}, {"wav": "/home/cn/lcr/pann/audioset_tagging_cnn-master/audioset/train-55-3/0VKEE-18-3.wav", "labels": "18"}, {"wav": "/home/cn/lcr/pann/audioset_tagging_cnn-master/audioset/train-55-3/0VOQC-13-1.wav", "labels": "13"}, {"wav": "/home/cn/lcr/pann/audioset_tagging_cnn-master/audioset/train-55-3/0VQQL-18-1.wav", "labels": "18"}, {"wav": "/home/cn/lcr/pann/audioset_tagging_cnn-master/audioset/train-55-3/0W39H-2-1.wav", "labels": "2"}, {"wav": "/home/cn/lcr/pann/audioset_tagging_cnn-master/audioset/train-55-3/0YXN6-18-1.wav", "labels": "18"}, {"wav": "/home/cn/lcr/pann/audioset_tagging_cnn-master/audioset/train-55-3/0Z1PC-18-1.wav", "labels": "18"}, {"wav": "/home/cn/lcr/pann/audioset_tagging_cnn-master/audioset/train-55-3/0ZOPH-16-1.wav", "labels": "16"}, {"wav": "/home/cn/lcr/pann/audioset_tagging_cnn-master/audioset/train-55-3/0ZYII-7-1.wav", "labels": "7"}, {"wav": "/home/cn/lcr/pann/audioset_tagging_cnn-master/audioset/train-55-3/100U3-18-1.wav", "labels": "18"}, {"wav": "/home/cn/lcr/pann/audioset_tagging_cnn-master/audioset/train-55-3/106AY-2-1.wav", "labels": "2"}, {"wav": "/home/cn/lcr/pann/audioset_tagging_cnn-master/audioset/train-55-3/113YU-7-1.wav", "labels": "7"}, {"wav": "/home/cn/lcr/pann/audioset_tagging_cnn-master/audioset/train-55-3/11HOM-18-1.wav", "labels": "18"}, {"wav": "/home/cn/lcr/pann/audioset_tagging_cnn-master/audioset/train-55-3/11TTU-18-1.wav", "labels": "18"}, {"wav": "/home/cn/lcr/pann/audioset_tagging_cnn-master/audioset/train-55-3/11TTU-2-1.wav", "labels": "2"}, {"wav": "/home/cn/lcr/pann/audioset_tagging_cnn-master/audioset/train-55-3/120YL-13-1.wav", "labels": "13"}, {"wav": "/home/cn/lcr/pann/audioset_tagging_cnn-master/audioset/train-55-3/12N1H-18-1.wav", "labels": "18"}, {"wav": "/home/cn/lcr/pann/audioset_tagging_cnn-master/audioset/train-55-3/1375X-13-1.wav", "labels": "13"}, {"wav": "/home/cn/lcr/pann/audioset_tagging_cnn-master/audioset/train-55-3/1375X-18-1.wav", "labels": "18"}, {"wav": "/home/cn/lcr/pann/audioset_tagging_cnn-master/audioset/train-55-3/13AUQ-13-1.wav", "labels": "13"}, {"wav": "/home/cn/lcr/pann/audioset_tagging_cnn-master/audioset/train-55-3/13XM4-18-1.wav", "labels": "18"}, {"wav": "/home/cn/lcr/pann/audioset_tagging_cnn-master/audioset/train-55-3/13YII-18-1.wav", "labels": "18"}, {"wav": "/home/cn/lcr/pann/audioset_tagging_cnn-master/audioset/train-55-3/1440M-13-1.wav", "labels": "13"}, {"wav": "/home/cn/lcr/pann/audioset_tagging_cnn-master/audioset/train-55-3/144JW-18-1.wav", "labels": "18"}, {"wav": "/home/cn/lcr/pann/audioset_tagging_cnn-master/audioset/train-55-3/1514T-18-1.wav", "labels": "18"}, {"wav": "/home/cn/lcr/pann/audioset_tagging_cnn-master/audioset/train-55-3/165K2-2-1.wav", "labels": "2"}, {"wav": "/home/cn/lcr/pann/audioset_tagging_cnn-master/audioset/train-55-3/165K2-2-2.wav", "labels": "2"}, {"wav": "/home/cn/lcr/pann/audioset_tagging_cnn-master/audioset/train-55-3/16IDQ-18-1.wav", "labels": "18"}, {"wav": "/home/cn/lcr/pann/audioset_tagging_cnn-master/audioset/train-55-3/16WZF-18-1.wav", "labels": "18"}, {"wav": "/home/cn/lcr/pann/audioset_tagging_cnn-master/audioset/train-55-3/17AZ5-18-1.wav", "labels": "18"}, {"wav": "/home/cn/lcr/pann/audioset_tagging_cnn-master/audioset/train-55-3/194WK-18-1.wav", "labels": "18"}, {"wav": "/home/cn/lcr/pann/audioset_tagging_cnn-master/audioset/train-55-3/1B2P0-2-1.wav", "labels": "2"}, {"wav": "/home/cn/lcr/pann/audioset_tagging_cnn-master/audioset/train-55-3/1BBIY-16-1.wav", "labels": "16"}, {"wav": "/home/cn/lcr/pann/audioset_tagging_cnn-master/audioset/train-55-3/1D31Z-18-1.wav", "labels": "18"}, {"wav": "/home/cn/lcr/pann/audioset_tagging_cnn-master/audioset/train-55-3/1DNAX-18-1.wav", "labels": "18"}, {"wav": "/home/cn/lcr/pann/audioset_tagging_cnn-master/audioset/train-55-3/1E7VU-18-1.wav", "labels": "18"}, {"wav": "/home/cn/lcr/pann/audioset_tagging_cnn-master/audioset/train-55-3/1F706-16-1.wav", "labels": "16"}, {"wav": "/home/cn/lcr/pann/audioset_tagging_cnn-master/audioset/train-55-3/1F706-18-1.wav", "labels": "18"}, {"wav": "/home/cn/lcr/pann/audioset_tagging_cnn-master/audioset/train-55-3/1G9R7-2-1.wav", "labels": "2"}, {"wav": "/home/cn/lcr/pann/audioset_tagging_cnn-master/audioset/train-55-3/1H6PS-18-1.wav", "labels": "18"}, {"wav": "/home/cn/lcr/pann/audioset_tagging_cnn-master/audioset/train-55-3/1HZGH-18-1.wav", "labels": "18"}, {"wav": "/home/cn/lcr/pann/audioset_tagging_cnn-master/audioset/train-55-3/1IJ7V-2-1.wav", "labels": "2"}, {"wav": "/home/cn/lcr/pann/audioset_tagging_cnn-master/audioset/train-55-3/1IYEW-7-1.wav", "labels": "7"}, {"wav": "/home/cn/lcr/pann/audioset_tagging_cnn-master/audioset/train-55-3/1K0GV-13-1.wav", "labels": "13"}, {"wav": "/home/cn/lcr/pann/audioset_tagging_cnn-master/audioset/train-55-3/1K0GV-2-1.wav", "labels": "2"}, {"wav": "/home/cn/lcr/pann/audioset_tagging_cnn-master/audioset/train-55-3/1K0SU-16-1.wav", "labels": "16"}, {"wav": "/home/cn/lcr/pann/audioset_tagging_cnn-master/audioset/train-55-3/1KFLX-18-1.wav", "labels": "18"}, {"wav": "/home/cn/lcr/pann/audioset_tagging_cnn-master/audioset/train-55-3/1KJI0-2-1.wav", "labels": "2"}, {"wav": "/home/cn/lcr/pann/audioset_tagging_cnn-master/audioset/train-55-3/1L2G1-16-1.wav", "labels": "16"}, {"wav": "/home/cn/lcr/pann/audioset_tagging_cnn-master/audioset/train-55-3/1LBUG-18-1.wav", "labels": "18"}, {"wav": "/home/cn/lcr/pann/audioset_tagging_cnn-master/audioset/train-55-3/1O6PH-18-1.wav", "labels": "18"}, {"wav": "/home/cn/lcr/pann/audioset_tagging_cnn-master/audioset/train-55-3/1OVB8-18-1.wav", "labels": "18"}, {"wav": "/home/cn/lcr/pann/audioset_tagging_cnn-master/audioset/train-55-3/1P7GJ-16-1.wav", "labels": "16"}, {"wav": "/home/cn/lcr/pann/audioset_tagging_cnn-master/audioset/train-55-3/1Q4P9-18-1.wav", "labels": "18"}, {"wav": "/home/cn/lcr/pann/audioset_tagging_cnn-master/audioset/train-55-3/1QT62-18-1.wav", "labels": "18"}, {"wav": "/home/cn/lcr/pann/audioset_tagging_cnn-master/audioset/train-55-3/1QT62-18-2.wav", "labels": "18"}, {"wav": "/home/cn/lcr/pann/audioset_tagging_cnn-master/audioset/train-55-3/1RD2K-16-1.wav", "labels": "16"}, {"wav": "/home/cn/lcr/pann/audioset_tagging_cnn-master/audioset/train-55-3/1RHDP-5-1.wav", "labels": "5"}, {"wav": "/home/cn/lcr/pann/audioset_tagging_cnn-master/audioset/train-55-3/1ROX7-2-1.wav", "labels": "2"}, {"wav": "/home/cn/lcr/pann/audioset_tagging_cnn-master/audioset/train-55-3/1SUIC-18-1.wav", "labels": "18"}, {"wav": "/home/cn/lcr/pann/audioset_tagging_cnn-master/audioset/train-55-3/1T3B4-5-1.wav", "labels": "5"}, {"wav": "/home/cn/lcr/pann/audioset_tagging_cnn-master/audioset/train-55-3/1TGKL-2-1.wav", "labels": "2"}, {"wav": "/home/cn/lcr/pann/audioset_tagging_cnn-master/audioset/train-55-3/1TIAK-2-1.wav", "labels": "2"}, {"wav": "/home/cn/lcr/pann/audioset_tagging_cnn-master/audioset/train-55-3/1TW98-16-1.wav", "labels": "16"}, {"wav": "/home/cn/lcr/pann/audioset_tagging_cnn-master/audioset/train-55-3/1U9TF-18-1.wav", "labels": "18"}, {"wav": "/home/cn/lcr/pann/audioset_tagging_cnn-master/audioset/train-55-3/1US0H-18-1.wav", "labels": "18"}, {"wav": "/home/cn/lcr/pann/audioset_tagging_cnn-master/audioset/train-55-3/1VIQC-18-1.wav", "labels": "18"}, {"wav": "/home/cn/lcr/pann/audioset_tagging_cnn-master/audioset/train-55-3/1WEDJ-5-1.wav", "labels": "5"}, {"wav": "/home/cn/lcr/pann/audioset_tagging_cnn-master/audioset/train-55-3/1WJ6O-16-1.wav", "labels": "16"}, {"wav": "/home/cn/lcr/pann/audioset_tagging_cnn-master/audioset/train-55-3/1WJ6O-18-1.wav", "labels": "18"}, {"wav": "/home/cn/lcr/pann/audioset_tagging_cnn-master/audioset/train-55-3/1WWJZ-2-1.wav", "labels": "2"}, {"wav": "/home/cn/lcr/pann/audioset_tagging_cnn-master/audioset/train-55-3/1X0M3-13-1.wav", "labels": "13"}, {"wav": "/home/cn/lcr/pann/audioset_tagging_cnn-master/audioset/train-55-3/1X0M3-2-1.wav", "labels": "2"}, {"wav": "/home/cn/lcr/pann/audioset_tagging_cnn-master/audioset/train-55-3/1Z5FK-18-1.wav", "labels": "18"}, {"wav": "/home/cn/lcr/pann/audioset_tagging_cnn-master/audioset/train-55-3/1ZBUS-13-1.wav", "labels": "13"}, {"wav": "/home/cn/lcr/pann/audioset_tagging_cnn-master/audioset/train-55-3/1ZEJJ-18-1.wav", "labels": "18"}, {"wav": "/home/cn/lcr/pann/audioset_tagging_cnn-master/audioset/train-55-3/1ZEJJ-18-2.wav", "labels": "18"}, {"wav": "/home/cn/lcr/pann/audioset_tagging_cnn-master/audioset/train-55-3/1ZWPP-16-1.wav", "labels": "16"}, {"wav": "/home/cn/lcr/pann/audioset_tagging_cnn-master/audioset/train-55-3/2074D-18-1.wav", "labels": "18"}, {"wav": "/home/cn/lcr/pann/audioset_tagging_cnn-master/audioset/train-55-3/20WZU-18-1.wav", "labels": "18"}, {"wav": "/home/cn/lcr/pann/audioset_tagging_cnn-master/audioset/train-55-3/21E40-18-1.wav", "labels": "18"}, {"wav": "/home/cn/lcr/pann/audioset_tagging_cnn-master/audioset/train-55-3/23QFL-18-1.wav", "labels": "18"}, {"wav": "/home/cn/lcr/pann/audioset_tagging_cnn-master/audioset/train-55-3/23QFL-18-2.wav", "labels": "18"}, {"wav": "/home/cn/lcr/pann/audioset_tagging_cnn-master/audioset/train-55-3/23YS1-13-1.wav", "labels": "13"}, {"wav": "/home/cn/lcr/pann/audioset_tagging_cnn-master/audioset/train-55-3/250SN-16-1.wav", "labels": "16"}, {"wav": "/home/cn/lcr/pann/audioset_tagging_cnn-master/audioset/train-55-3/250SN-16-2.wav", "labels": "16"}, {"wav": "/home/cn/lcr/pann/audioset_tagging_cnn-master/audioset/train-55-3/25O6O-18-1.wav", "labels": "18"}, {"wav": "/home/cn/lcr/pann/audioset_tagging_cnn-master/audioset/train-55-3/268ET-13-1.wav", "labels": "13"}, {"wav": "/home/cn/lcr/pann/audioset_tagging_cnn-master/audioset/train-55-3/27KAK-16-1.wav", "labels": "16"}, {"wav": "/home/cn/lcr/pann/audioset_tagging_cnn-master/audioset/train-55-3/27ZT9-18-1.wav", "labels": "18"}, {"wav": "/home/cn/lcr/pann/audioset_tagging_cnn-master/audioset/train-55-3/287ST-13-1.wav", "labels": "13"}, {"wav": "/home/cn/lcr/pann/audioset_tagging_cnn-master/audioset/train-55-3/28BVI-2-1.wav", "labels": "2"}, {"wav": "/home/cn/lcr/pann/audioset_tagging_cnn-master/audioset/train-55-3/29LL7-18-1.wav", "labels": "18"}, {"wav": "/home/cn/lcr/pann/audioset_tagging_cnn-master/audioset/train-55-3/29OV5-18-1.wav", "labels": "18"}, {"wav": "/home/cn/lcr/pann/audioset_tagging_cnn-master/audioset/train-55-3/29OV5-18-2.wav", "labels": "18"}, {"wav": "/home/cn/lcr/pann/audioset_tagging_cnn-master/audioset/train-55-3/29OV5-18-3.wav", "labels": "18"}, {"wav": "/home/cn/lcr/pann/audioset_tagging_cnn-master/audioset/train-55-3/2AIP4-2-1.wav", "labels": "2"}, {"wav": "/home/cn/lcr/pann/audioset_tagging_cnn-master/audioset/train-55-3/2BO2G-18-1.wav", "labels": "18"}, {"wav": "/home/cn/lcr/pann/audioset_tagging_cnn-master/audioset/train-55-3/2BS0V-16-1.wav", "labels": "16"}, {"wav": "/home/cn/lcr/pann/audioset_tagging_cnn-master/audioset/train-55-3/2CFCW-13-1.wav", "labels": "13"}, {"wav": "/home/cn/lcr/pann/audioset_tagging_cnn-master/audioset/train-55-3/2CR02-7-1.wav", "labels": "7"}, {"wav": "/home/cn/lcr/pann/audioset_tagging_cnn-master/audioset/train-55-3/2CR09-13-1.wav", "labels": "13"}, {"wav": "/home/cn/lcr/pann/audioset_tagging_cnn-master/audioset/train-55-3/2CR09-13-2.wav", "labels": "13"}, {"wav": "/home/cn/lcr/pann/audioset_tagging_cnn-master/audioset/train-55-3/2CR09-13-3.wav", "labels": "13"}, {"wav": "/home/cn/lcr/pann/audioset_tagging_cnn-master/audioset/train-55-3/2D98B-18-1.wav", "labels": "18"}, {"wav": "/home/cn/lcr/pann/audioset_tagging_cnn-master/audioset/train-55-3/2FC4V-18-1.wav", "labels": "18"}, {"wav": "/home/cn/lcr/pann/audioset_tagging_cnn-master/audioset/train-55-3/2FECZ-13-1.wav", "labels": "13"}, {"wav": "/home/cn/lcr/pann/audioset_tagging_cnn-master/audioset/train-55-3/2FECZ-13-2.wav", "labels": "13"}, {"wav": "/home/cn/lcr/pann/audioset_tagging_cnn-master/audioset/train-55-3/2FH2V-18-1.wav", "labels": "18"}, {"wav": "/home/cn/lcr/pann/audioset_tagging_cnn-master/audioset/train-55-3/2FPB3-18-1.wav", "labels": "18"}, {"wav": "/home/cn/lcr/pann/audioset_tagging_cnn-master/audioset/train-55-3/2GQDN-16-1.wav", "labels": "16"}, {"wav": "/home/cn/lcr/pann/audioset_tagging_cnn-master/audioset/train-55-3/2GQDN-18-1.wav", "labels": "18"}, {"wav": "/home/cn/lcr/pann/audioset_tagging_cnn-master/audioset/train-55-3/2GRGY-2-1.wav", "labels": "2"}, {"wav": "/home/cn/lcr/pann/audioset_tagging_cnn-master/audioset/train-55-3/2H56B-18-1.wav", "labels": "18"}, {"wav": "/home/cn/lcr/pann/audioset_tagging_cnn-master/audioset/train-55-3/2INEX-2-1.wav", "labels": "2"}, {"wav": "/home/cn/lcr/pann/audioset_tagging_cnn-master/audioset/train-55-3/2J2EW-13-1.wav", "labels": "13"}, {"wav": "/home/cn/lcr/pann/audioset_tagging_cnn-master/audioset/train-55-3/2J2EW-13-2.wav", "labels": "13"}, {"wav": "/home/cn/lcr/pann/audioset_tagging_cnn-master/audioset/train-55-3/2J2EW-13-3.wav", "labels": "13"}, {"wav": "/home/cn/lcr/pann/audioset_tagging_cnn-master/audioset/train-55-3/2J2EW-13-4.wav", "labels": "13"}, {"wav": "/home/cn/lcr/pann/audioset_tagging_cnn-master/audioset/train-55-3/2JOTF-18-1.wav", "labels": "18"}, {"wav": "/home/cn/lcr/pann/audioset_tagging_cnn-master/audioset/train-55-3/2JOTF-18-2.wav", "labels": "18"}, {"wav": "/home/cn/lcr/pann/audioset_tagging_cnn-master/audioset/train-55-3/2KMGY-2-1.wav", "labels": "2"}, {"wav": "/home/cn/lcr/pann/audioset_tagging_cnn-master/audioset/train-55-3/2L6E2-13-1.wav", "labels": "13"}, {"wav": "/home/cn/lcr/pann/audioset_tagging_cnn-master/audioset/train-55-3/2L6E2-13-2.wav", "labels": "13"}, {"wav": "/home/cn/lcr/pann/audioset_tagging_cnn-master/audioset/train-55-3/2L6E2-13-3.wav", "labels": "13"}, {"wav": "/home/cn/lcr/pann/audioset_tagging_cnn-master/audioset/train-55-3/2L6E2-13-4.wav", "labels": "13"}, {"wav": "/home/cn/lcr/pann/audioset_tagging_cnn-master/audioset/train-55-3/2M9YL-16-1.wav", "labels": "16"}, {"wav": "/home/cn/lcr/pann/audioset_tagging_cnn-master/audioset/train-55-3/2MAZY-18-1.wav", "labels": "18"}, {"wav": "/home/cn/lcr/pann/audioset_tagging_cnn-master/audioset/train-55-3/2N5VN-18-1.wav", "labels": "18"}, {"wav": "/home/cn/lcr/pann/audioset_tagging_cnn-master/audioset/train-55-3/2NKX2-18-1.wav", "labels": "18"}, {"wav": "/home/cn/lcr/pann/audioset_tagging_cnn-master/audioset/train-55-3/2PREF-2-1.wav", "labels": "2"}, {"wav": "/home/cn/lcr/pann/audioset_tagging_cnn-master/audioset/train-55-3/2PZBY-16-1.wav", "labels": "16"}, {"wav": "/home/cn/lcr/pann/audioset_tagging_cnn-master/audioset/train-55-3/2Q5Y2-16-1.wav", "labels": "16"}, {"wav": "/home/cn/lcr/pann/audioset_tagging_cnn-master/audioset/train-55-3/2SIO0-18-1.wav", "labels": "18"}, {"wav": "/home/cn/lcr/pann/audioset_tagging_cnn-master/audioset/train-55-3/2SYBS-18-1.wav", "labels": "18"}, {"wav": "/home/cn/lcr/pann/audioset_tagging_cnn-master/audioset/train-55-3/2SYBS-18-2.wav", "labels": "18"}, {"wav": "/home/cn/lcr/pann/audioset_tagging_cnn-master/audioset/train-55-3/2TAT3-18-1.wav", "labels": "18"}, {"wav": "/home/cn/lcr/pann/audioset_tagging_cnn-master/audioset/train-55-3/2TWI2-18-1.wav", "labels": "18"}, {"wav": "/home/cn/lcr/pann/audioset_tagging_cnn-master/audioset/train-55-3/2TWI2-18-2.wav", "labels": "18"}, {"wav": "/home/cn/lcr/pann/audioset_tagging_cnn-master/audioset/train-55-3/2TWI2-18-3.wav", "labels": "18"}, {"wav": "/home/cn/lcr/pann/audioset_tagging_cnn-master/audioset/train-55-3/2U3X0-16-1.wav", "labels": "16"}, {"wav": "/home/cn/lcr/pann/audioset_tagging_cnn-master/audioset/train-55-3/2URXS-18-1.wav", "labels": "18"}, {"wav": "/home/cn/lcr/pann/audioset_tagging_cnn-master/audioset/train-55-3/2USX0-18-1.wav", "labels": "18"}, {"wav": "/home/cn/lcr/pann/audioset_tagging_cnn-master/audioset/train-55-3/2VNXF-2-1.wav", "labels": "2"}, {"wav": "/home/cn/lcr/pann/audioset_tagging_cnn-master/audioset/train-55-3/2WGSN-2-1.wav", "labels": "2"}, {"wav": "/home/cn/lcr/pann/audioset_tagging_cnn-master/audioset/train-55-3/2WN4P-18-1.wav", "labels": "18"}, {"wav": "/home/cn/lcr/pann/audioset_tagging_cnn-master/audioset/train-55-3/2WN4P-18-2.wav", "labels": "18"}, {"wav": "/home/cn/lcr/pann/audioset_tagging_cnn-master/audioset/train-55-3/2WN4P-18-3.wav", "labels": "18"}, {"wav": "/home/cn/lcr/pann/audioset_tagging_cnn-master/audioset/train-55-3/2XSK6-16-1.wav", "labels": "16"}, {"wav": "/home/cn/lcr/pann/audioset_tagging_cnn-master/audioset/train-55-3/2XVR0-2-1.wav", "labels": "2"}, {"wav": "/home/cn/lcr/pann/audioset_tagging_cnn-master/audioset/train-55-3/2XXH8-18-1.wav", "labels": "18"}, {"wav": "/home/cn/lcr/pann/audioset_tagging_cnn-master/audioset/train-55-3/2Y8XQ-18-1.wav", "labels": "18"}, {"wav": "/home/cn/lcr/pann/audioset_tagging_cnn-master/audioset/train-55-3/2Y8XQ-18-2.wav", "labels": "18"}, {"wav": "/home/cn/lcr/pann/audioset_tagging_cnn-master/audioset/train-55-3/2Y8XQ-18-3.wav", "labels": "18"}, {"wav": "/home/cn/lcr/pann/audioset_tagging_cnn-master/audioset/train-55-3/2YO6G-2-1.wav", "labels": "2"}, {"wav": "/home/cn/lcr/pann/audioset_tagging_cnn-master/audioset/train-55-3/2ZBL5-2-1.wav", "labels": "2"}, {"wav": "/home/cn/lcr/pann/audioset_tagging_cnn-master/audioset/train-55-3/2ZICJ-2-1.wav", "labels": "2"}, {"wav": "/home/cn/lcr/pann/audioset_tagging_cnn-master/audioset/train-55-3/2ZXJ5-18-1.wav", "labels": "18"}, {"wav": "/home/cn/lcr/pann/audioset_tagging_cnn-master/audioset/train-55-3/2ZXJ5-18-2.wav", "labels": "18"}, {"wav": "/home/cn/lcr/pann/audioset_tagging_cnn-master/audioset/train-55-3/300LS-18-1.wav", "labels": "18"}, {"wav": "/home/cn/lcr/pann/audioset_tagging_cnn-master/audioset/train-55-3/300LS-18-2.wav", "labels": "18"}, {"wav": "/home/cn/lcr/pann/audioset_tagging_cnn-master/audioset/train-55-3/300LS-18-3.wav", "labels": "18"}, {"wav": "/home/cn/lcr/pann/audioset_tagging_cnn-master/audioset/train-55-3/30I35-18-1.wav", "labels": "18"}, {"wav": "/home/cn/lcr/pann/audioset_tagging_cnn-master/audioset/train-55-3/30I35-2-1.wav", "labels": "2"}, {"wav": "/home/cn/lcr/pann/audioset_tagging_cnn-master/audioset/train-55-3/30I35-2-2.wav", "labels": "2"}, {"wav": "/home/cn/lcr/pann/audioset_tagging_cnn-master/audioset/train-55-3/30JQT-2-1.wav", "labels": "2"}, {"wav": "/home/cn/lcr/pann/audioset_tagging_cnn-master/audioset/train-55-3/313G8-18-1.wav", "labels": "18"}, {"wav": "/home/cn/lcr/pann/audioset_tagging_cnn-master/audioset/train-55-3/313G8-18-2.wav", "labels": "18"}, {"wav": "/home/cn/lcr/pann/audioset_tagging_cnn-master/audioset/train-55-3/31YNM-2-1.wav", "labels": "2"}, {"wav": "/home/cn/lcr/pann/audioset_tagging_cnn-master/audioset/train-55-3/31YNM-2-2.wav", "labels": "2"}, {"wav": "/home/cn/lcr/pann/audioset_tagging_cnn-master/audioset/train-55-3/320VL-7-1.wav", "labels": "7"}, {"wav": "/home/cn/lcr/pann/audioset_tagging_cnn-master/audioset/train-55-3/32K2C-7-1.wav", "labels": "7"}, {"wav": "/home/cn/lcr/pann/audioset_tagging_cnn-master/audioset/train-55-3/32K2C-7-2.wav", "labels": "7"}, {"wav": "/home/cn/lcr/pann/audioset_tagging_cnn-master/audioset/train-55-3/32K2C-7-3.wav", "labels": "7"}, {"wav": "/home/cn/lcr/pann/audioset_tagging_cnn-master/audioset/train-55-3/32K2C-7-4.wav", "labels": "7"}, {"wav": "/home/cn/lcr/pann/audioset_tagging_cnn-master/audioset/train-55-3/33OVO-16-1.wav", "labels": "16"}, {"wav": "/home/cn/lcr/pann/audioset_tagging_cnn-master/audioset/train-55-3/33OVO-18-1.wav", "labels": "18"}, {"wav": "/home/cn/lcr/pann/audioset_tagging_cnn-master/audioset/train-55-3/358JF-2-1.wav", "labels": "2"}, {"wav": "/home/cn/lcr/pann/audioset_tagging_cnn-master/audioset/train-55-3/36AJ1-16-1.wav", "labels": "16"}, {"wav": "/home/cn/lcr/pann/audioset_tagging_cnn-master/audioset/train-55-3/36VYU-2-1.wav", "labels": "2"}, {"wav": "/home/cn/lcr/pann/audioset_tagging_cnn-master/audioset/train-55-3/3731F-2-1.wav", "labels": "2"}, {"wav": "/home/cn/lcr/pann/audioset_tagging_cnn-master/audioset/train-55-3/386XM-7-1.wav", "labels": "7"}, {"wav": "/home/cn/lcr/pann/audioset_tagging_cnn-master/audioset/train-55-3/386XM-7-2.wav", "labels": "7"}, {"wav": "/home/cn/lcr/pann/audioset_tagging_cnn-master/audioset/train-55-3/38B3F-18-1.wav", "labels": "18"}, {"wav": "/home/cn/lcr/pann/audioset_tagging_cnn-master/audioset/train-55-3/391VK-18-1.wav", "labels": "18"}, {"wav": "/home/cn/lcr/pann/audioset_tagging_cnn-master/audioset/train-55-3/391VK-18-2.wav", "labels": "18"}, {"wav": "/home/cn/lcr/pann/audioset_tagging_cnn-master/audioset/train-55-3/39850-18-1.wav", "labels": "18"}, {"wav": "/home/cn/lcr/pann/audioset_tagging_cnn-master/audioset/train-55-3/39E0I-5-1.wav", "labels": "5"}, {"wav": "/home/cn/lcr/pann/audioset_tagging_cnn-master/audioset/train-55-3/39E0I-5-2.wav", "labels": "5"}, {"wav": "/home/cn/lcr/pann/audioset_tagging_cnn-master/audioset/train-55-3/39E0I-5-3.wav", "labels": "5"}, {"wav": "/home/cn/lcr/pann/audioset_tagging_cnn-master/audioset/train-55-3/39I5H-5-1.wav", "labels": "5"}, {"wav": "/home/cn/lcr/pann/audioset_tagging_cnn-master/audioset/train-55-3/39I5H-5-2.wav", "labels": "5"}, {"wav": "/home/cn/lcr/pann/audioset_tagging_cnn-master/audioset/train-55-3/39I5H-5-3.wav", "labels": "5"}, {"wav": "/home/cn/lcr/pann/audioset_tagging_cnn-master/audioset/train-55-3/39I5H-5-4.wav", "labels": "5"}, {"wav": "/home/cn/lcr/pann/audioset_tagging_cnn-master/audioset/train-55-3/39I5H-5-5.wav", "labels": "5"}, {"wav": "/home/cn/lcr/pann/audioset_tagging_cnn-master/audioset/train-55-3/39I5H-5-6.wav", "labels": "5"}, {"wav": "/home/cn/lcr/pann/audioset_tagging_cnn-master/audioset/train-55-3/39I5H-5-7.wav", "labels": "5"}, {"wav": "/home/cn/lcr/pann/audioset_tagging_cnn-master/audioset/train-55-3/39I5H-5-8.wav", "labels": "5"}, {"wav": "/home/cn/lcr/pann/audioset_tagging_cnn-master/audioset/train-55-3/39T0D-18-1.wav", "labels": "18"}, {"wav": "/home/cn/lcr/pann/audioset_tagging_cnn-master/audioset/train-55-3/39T0D-18-2.wav", "labels": "18"}, {"wav": "/home/cn/lcr/pann/audioset_tagging_cnn-master/audioset/train-55-3/39T0D-18-3.wav", "labels": "18"}, {"wav": "/home/cn/lcr/pann/audioset_tagging_cnn-master/audioset/train-55-3/3A4PE-5-1.wav", "labels": "5"}, {"wav": "/home/cn/lcr/pann/audioset_tagging_cnn-master/audioset/train-55-3/3A4PE-5-2.wav", "labels": "5"}, {"wav": "/home/cn/lcr/pann/audioset_tagging_cnn-master/audioset/train-55-3/3A4PE-5-3.wav", "labels": "5"}, {"wav": "/home/cn/lcr/pann/audioset_tagging_cnn-master/audioset/train-55-3/3A4PE-5-4.wav", "labels": "5"}, {"wav": "/home/cn/lcr/pann/audioset_tagging_cnn-master/audioset/train-55-3/3A4PE-5-5.wav", "labels": "5"}, {"wav": "/home/cn/lcr/pann/audioset_tagging_cnn-master/audioset/train-55-3/3AHLN-2-1.wav", "labels": "2"}, {"wav": "/home/cn/lcr/pann/audioset_tagging_cnn-master/audioset/train-55-3/3BH39-18-1.wav", "labels": "18"}, {"wav": "/home/cn/lcr/pann/audioset_tagging_cnn-master/audioset/train-55-3/3CKXF-16-1.wav", "labels": "16"}, {"wav": "/home/cn/lcr/pann/audioset_tagging_cnn-master/audioset/train-55-3/3DO95-18-1.wav", "labels": "18"}, {"wav": "/home/cn/lcr/pann/audioset_tagging_cnn-master/audioset/train-55-3/3EYLH-7-1.wav", "labels": "7"}, {"wav": "/home/cn/lcr/pann/audioset_tagging_cnn-master/audioset/train-55-3/3FEYY-2-1.wav", "labels": "2"}, {"wav": "/home/cn/lcr/pann/audioset_tagging_cnn-master/audioset/train-55-3/3G4PN-18-1.wav", "labels": "18"}, {"wav": "/home/cn/lcr/pann/audioset_tagging_cnn-master/audioset/train-55-3/3H0PT-16-1.wav", "labels": "16"}, {"wav": "/home/cn/lcr/pann/audioset_tagging_cnn-master/audioset/train-55-3/3H1EA-2-1.wav", "labels": "2"}, {"wav": "/home/cn/lcr/pann/audioset_tagging_cnn-master/audioset/train-55-3/3H1EA-2-2.wav", "labels": "2"}, {"wav": "/home/cn/lcr/pann/audioset_tagging_cnn-master/audioset/train-55-3/3HRNV-18-1.wav", "labels": "18"}, {"wav": "/home/cn/lcr/pann/audioset_tagging_cnn-master/audioset/train-55-3/3IPI3-2-1.wav", "labels": "2"}, {"wav": "/home/cn/lcr/pann/audioset_tagging_cnn-master/audioset/train-55-3/3IPI3-2-2.wav", "labels": "2"}, {"wav": "/home/cn/lcr/pann/audioset_tagging_cnn-master/audioset/train-55-3/3JCEI-18-1.wav", "labels": "18"}, {"wav": "/home/cn/lcr/pann/audioset_tagging_cnn-master/audioset/train-55-3/3JXKZ-18-1.wav", "labels": "18"}, {"wav": "/home/cn/lcr/pann/audioset_tagging_cnn-master/audioset/train-55-3/3JXKZ-18-2.wav", "labels": "18"}, {"wav": "/home/cn/lcr/pann/audioset_tagging_cnn-master/audioset/train-55-3/3JXKZ-18-3.wav", "labels": "18"}, {"wav": "/home/cn/lcr/pann/audioset_tagging_cnn-master/audioset/train-55-3/3JXKZ-18-4.wav", "labels": "18"}, {"wav": "/home/cn/lcr/pann/audioset_tagging_cnn-master/audioset/train-55-3/3JXKZ-18-5.wav", "labels": "18"}, {"wav": "/home/cn/lcr/pann/audioset_tagging_cnn-master/audioset/train-55-3/3JXKZ-18-6.wav", "labels": "18"}, {"wav": "/home/cn/lcr/pann/audioset_tagging_cnn-master/audioset/train-55-3/3KZF7-18-1.wav", "labels": "18"}, {"wav": "/home/cn/lcr/pann/audioset_tagging_cnn-master/audioset/train-55-3/3L3LC-16-1.wav", "labels": "16"}, {"wav": "/home/cn/lcr/pann/audioset_tagging_cnn-master/audioset/train-55-3/3MAY9-18-1.wav", "labels": "18"}, {"wav": "/home/cn/lcr/pann/audioset_tagging_cnn-master/audioset/train-55-3/3MIWR-18-1.wav", "labels": "18"}, {"wav": "/home/cn/lcr/pann/audioset_tagging_cnn-master/audioset/train-55-3/3MIWR-18-2.wav", "labels": "18"}, {"wav": "/home/cn/lcr/pann/audioset_tagging_cnn-master/audioset/train-55-3/3MIWR-18-3.wav", "labels": "18"}, {"wav": "/home/cn/lcr/pann/audioset_tagging_cnn-master/audioset/train-55-3/3MWAY-18-1.wav", "labels": "18"}, {"wav": "/home/cn/lcr/pann/audioset_tagging_cnn-master/audioset/train-55-3/3MZZI-18-1.wav", "labels": "18"}, {"wav": "/home/cn/lcr/pann/audioset_tagging_cnn-master/audioset/train-55-3/3NKHT-2-1.wav", "labels": "2"}, {"wav": "/home/cn/lcr/pann/audioset_tagging_cnn-master/audioset/train-55-3/3NOML-16-1.wav", "labels": "16"}, {"wav": "/home/cn/lcr/pann/audioset_tagging_cnn-master/audioset/train-55-3/3ONCH-18-1.wav", "labels": "18"}, {"wav": "/home/cn/lcr/pann/audioset_tagging_cnn-master/audioset/train-55-3/3Q3YY-16-1.wav", "labels": "16"}, {"wav": "/home/cn/lcr/pann/audioset_tagging_cnn-master/audioset/train-55-3/3RSJV-7-1.wav", "labels": "7"}, {"wav": "/home/cn/lcr/pann/audioset_tagging_cnn-master/audioset/train-55-3/3RSJV-7-2.wav", "labels": "7"}, {"wav": "/home/cn/lcr/pann/audioset_tagging_cnn-master/audioset/train-55-3/3RSJV-7-3.wav", "labels": "7"}, {"wav": "/home/cn/lcr/pann/audioset_tagging_cnn-master/audioset/train-55-3/3RSJV-7-4.wav", "labels": "7"}, {"wav": "/home/cn/lcr/pann/audioset_tagging_cnn-master/audioset/train-55-3/3RSJV-7-5.wav", "labels": "7"}, {"wav": "/home/cn/lcr/pann/audioset_tagging_cnn-master/audioset/train-55-3/3SKWW-18-1.wav", "labels": "18"}, {"wav": "/home/cn/lcr/pann/audioset_tagging_cnn-master/audioset/train-55-3/3SNSC-18-1.wav", "labels": "18"}, {"wav": "/home/cn/lcr/pann/audioset_tagging_cnn-master/audioset/train-55-3/3UXL9-5-1.wav", "labels": "5"}, {"wav": "/home/cn/lcr/pann/audioset_tagging_cnn-master/audioset/train-55-3/3UXL9-5-2.wav", "labels": "5"}, {"wav": "/home/cn/lcr/pann/audioset_tagging_cnn-master/audioset/train-55-3/3UXL9-5-3.wav", "labels": "5"}, {"wav": "/home/cn/lcr/pann/audioset_tagging_cnn-master/audioset/train-55-3/3UXL9-5-4.wav", "labels": "5"}, {"wav": "/home/cn/lcr/pann/audioset_tagging_cnn-master/audioset/train-55-3/3UXL9-5-5.wav", "labels": "5"}, {"wav": "/home/cn/lcr/pann/audioset_tagging_cnn-master/audioset/train-55-3/3UXL9-5-6.wav", "labels": "5"}, {"wav": "/home/cn/lcr/pann/audioset_tagging_cnn-master/audioset/train-55-3/3UZ88-16-1.wav", "labels": "16"}, {"wav": "/home/cn/lcr/pann/audioset_tagging_cnn-master/audioset/train-55-3/3V7MT-16-1.wav", "labels": "16"}, {"wav": "/home/cn/lcr/pann/audioset_tagging_cnn-master/audioset/train-55-3/3V7MT-18-1.wav", "labels": "18"}, {"wav": "/home/cn/lcr/pann/audioset_tagging_cnn-master/audioset/train-55-3/3V7MT-18-2.wav", "labels": "18"}, {"wav": "/home/cn/lcr/pann/audioset_tagging_cnn-master/audioset/train-55-3/3VWSP-18-1.wav", "labels": "18"}, {"wav": "/home/cn/lcr/pann/audioset_tagging_cnn-master/audioset/train-55-3/3VWSP-18-2.wav", "labels": "18"}, {"wav": "/home/cn/lcr/pann/audioset_tagging_cnn-master/audioset/train-55-3/3W31X-18-1.wav", "labels": "18"}, {"wav": "/home/cn/lcr/pann/audioset_tagging_cnn-master/audioset/train-55-3/3W31X-18-2.wav", "labels": "18"}, {"wav": "/home/cn/lcr/pann/audioset_tagging_cnn-master/audioset/train-55-3/3W31X-18-3.wav", "labels": "18"}, {"wav": "/home/cn/lcr/pann/audioset_tagging_cnn-master/audioset/train-55-3/3W31X-18-4.wav", "labels": "18"}, {"wav": "/home/cn/lcr/pann/audioset_tagging_cnn-master/audioset/train-55-3/3WAWR-18-1.wav", "labels": "18"}, {"wav": "/home/cn/lcr/pann/audioset_tagging_cnn-master/audioset/train-55-3/3XH1V-7-1.wav", "labels": "7"}, {"wav": "/home/cn/lcr/pann/audioset_tagging_cnn-master/audioset/train-55-3/3XKBC-18-1.wav", "labels": "18"}, {"wav": "/home/cn/lcr/pann/audioset_tagging_cnn-master/audioset/train-55-3/3XKBC-18-2.wav", "labels": "18"}, {"wav": "/home/cn/lcr/pann/audioset_tagging_cnn-master/audioset/train-55-3/3YQE2-18-1.wav", "labels": "18"}, {"wav": "/home/cn/lcr/pann/audioset_tagging_cnn-master/audioset/train-55-3/3YQE2-18-2.wav", "labels": "18"}, {"wav": "/home/cn/lcr/pann/audioset_tagging_cnn-master/audioset/train-55-3/3YQE2-5-1.wav", "labels": "5"}, {"wav": "/home/cn/lcr/pann/audioset_tagging_cnn-master/audioset/train-55-3/3YQE2-5-2.wav", "labels": "5"}, {"wav": "/home/cn/lcr/pann/audioset_tagging_cnn-master/audioset/train-55-3/3YQE2-5-3.wav", "labels": "5"}, {"wav": "/home/cn/lcr/pann/audioset_tagging_cnn-master/audioset/train-55-3/3YQE2-5-4.wav", "labels": "5"}, {"wav": "/home/cn/lcr/pann/audioset_tagging_cnn-master/audioset/train-55-3/3YQE2-5-5.wav", "labels": "5"}, {"wav": "/home/cn/lcr/pann/audioset_tagging_cnn-master/audioset/train-55-3/3YVPG-18-1.wav", "labels": "18"}, {"wav": "/home/cn/lcr/pann/audioset_tagging_cnn-master/audioset/train-55-3/3Z1YC-18-1.wav", "labels": "18"}, {"wav": "/home/cn/lcr/pann/audioset_tagging_cnn-master/audioset/train-55-3/3Z7KH-18-1.wav", "labels": "18"}, {"wav": "/home/cn/lcr/pann/audioset_tagging_cnn-master/audioset/train-55-3/40FKN-18-1.wav", "labels": "18"}, {"wav": "/home/cn/lcr/pann/audioset_tagging_cnn-master/audioset/train-55-3/41GXC-18-1.wav", "labels": "18"}, {"wav": "/home/cn/lcr/pann/audioset_tagging_cnn-master/audioset/train-55-3/42MIK-18-1.wav", "labels": "18"}, {"wav": "/home/cn/lcr/pann/audioset_tagging_cnn-master/audioset/train-55-3/43UDQ-18-1.wav", "labels": "18"}, {"wav": "/home/cn/lcr/pann/audioset_tagging_cnn-master/audioset/train-55-3/44Q8A-18-1.wav", "labels": "18"}, {"wav": "/home/cn/lcr/pann/audioset_tagging_cnn-master/audioset/train-55-3/46Z16-18-1.wav", "labels": "18"}, {"wav": "/home/cn/lcr/pann/audioset_tagging_cnn-master/audioset/train-55-3/4713W-18-1.wav", "labels": "18"}, {"wav": "/home/cn/lcr/pann/audioset_tagging_cnn-master/audioset/train-55-3/472B0-18-1.wav", "labels": "18"}, {"wav": "/home/cn/lcr/pann/audioset_tagging_cnn-master/audioset/train-55-3/47D1Y-18-1.wav", "labels": "18"}, {"wav": "/home/cn/lcr/pann/audioset_tagging_cnn-master/audioset/train-55-3/47Y1X-18-1.wav", "labels": "18"}, {"wav": "/home/cn/lcr/pann/audioset_tagging_cnn-master/audioset/train-55-3/47Y1X-18-2.wav", "labels": "18"}, {"wav": "/home/cn/lcr/pann/audioset_tagging_cnn-master/audioset/train-55-3/485I1-7-1.wav", "labels": "7"}, {"wav": "/home/cn/lcr/pann/audioset_tagging_cnn-master/audioset/train-55-3/4878H-18-1.wav", "labels": "18"}, {"wav": "/home/cn/lcr/pann/audioset_tagging_cnn-master/audioset/train-55-3/4878H-18-2.wav", "labels": "18"}, {"wav": "/home/cn/lcr/pann/audioset_tagging_cnn-master/audioset/train-55-3/4878H-18-3.wav", "labels": "18"}, {"wav": "/home/cn/lcr/pann/audioset_tagging_cnn-master/audioset/train-55-3/4878H-18-4.wav", "labels": "18"}, {"wav": "/home/cn/lcr/pann/audioset_tagging_cnn-master/audioset/train-55-3/4878H-18-5.wav", "labels": "18"}, {"wav": "/home/cn/lcr/pann/audioset_tagging_cnn-master/audioset/train-55-3/48EEP-18-1.wav", "labels": "18"}, {"wav": "/home/cn/lcr/pann/audioset_tagging_cnn-master/audioset/train-55-3/48EEP-18-2.wav", "labels": "18"}, {"wav": "/home/cn/lcr/pann/audioset_tagging_cnn-master/audioset/train-55-3/4986V-7-1.wav", "labels": "7"}, {"wav": "/home/cn/lcr/pann/audioset_tagging_cnn-master/audioset/train-55-3/4986V-7-2.wav", "labels": "7"}, {"wav": "/home/cn/lcr/pann/audioset_tagging_cnn-master/audioset/train-55-3/49NHJ-18-1.wav", "labels": "18"}, {"wav": "/home/cn/lcr/pann/audioset_tagging_cnn-master/audioset/train-55-3/49NHJ-18-2.wav", "labels": "18"}, {"wav": "/home/cn/lcr/pann/audioset_tagging_cnn-master/audioset/train-55-3/49NHJ-18-3.wav", "labels": "18"}, {"wav": "/home/cn/lcr/pann/audioset_tagging_cnn-master/audioset/train-55-3/4C5S6-18-1.wav", "labels": "18"}, {"wav": "/home/cn/lcr/pann/audioset_tagging_cnn-master/audioset/train-55-3/4CHXK-7-1.wav", "labels": "7"}, {"wav": "/home/cn/lcr/pann/audioset_tagging_cnn-master/audioset/train-55-3/4CHXK-7-2.wav", "labels": "7"}, {"wav": "/home/cn/lcr/pann/audioset_tagging_cnn-master/audioset/train-55-3/4CHXK-7-3.wav", "labels": "7"}, {"wav": "/home/cn/lcr/pann/audioset_tagging_cnn-master/audioset/train-55-3/4DWGO-18-1.wav", "labels": "18"}, {"wav": "/home/cn/lcr/pann/audioset_tagging_cnn-master/audioset/train-55-3/4G00A-18-1.wav", "labels": "18"}, {"wav": "/home/cn/lcr/pann/audioset_tagging_cnn-master/audioset/train-55-3/4GWNV-18-1.wav", "labels": "18"}, {"wav": "/home/cn/lcr/pann/audioset_tagging_cnn-master/audioset/train-55-3/4HFN2-5-1.wav", "labels": "5"}, {"wav": "/home/cn/lcr/pann/audioset_tagging_cnn-master/audioset/train-55-3/4HFN2-5-2.wav", "labels": "5"}, {"wav": "/home/cn/lcr/pann/audioset_tagging_cnn-master/audioset/train-55-3/4HFN2-5-3.wav", "labels": "5"}, {"wav": "/home/cn/lcr/pann/audioset_tagging_cnn-master/audioset/train-55-3/4HGD7-18-1.wav", "labels": "18"}, {"wav": "/home/cn/lcr/pann/audioset_tagging_cnn-master/audioset/train-55-3/4ISIX-7-1.wav", "labels": "7"}, {"wav": "/home/cn/lcr/pann/audioset_tagging_cnn-master/audioset/train-55-3/4MGUQ-18-1.wav", "labels": "18"}, {"wav": "/home/cn/lcr/pann/audioset_tagging_cnn-master/audioset/train-55-3/4MUXJ-18-1.wav", "labels": "18"}, {"wav": "/home/cn/lcr/pann/audioset_tagging_cnn-master/audioset/train-55-3/4N5P9-18-1.wav", "labels": "18"}, {"wav": "/home/cn/lcr/pann/audioset_tagging_cnn-master/audioset/train-55-3/4N5P9-18-2.wav", "labels": "18"}, {"wav": "/home/cn/lcr/pann/audioset_tagging_cnn-master/audioset/train-55-3/4N5P9-18-3.wav", "labels": "18"}, {"wav": "/home/cn/lcr/pann/audioset_tagging_cnn-master/audioset/train-55-3/4N5P9-18-4.wav", "labels": "18"}, {"wav": "/home/cn/lcr/pann/audioset_tagging_cnn-master/audioset/train-55-3/4N5P9-18-5.wav", "labels": "18"}, {"wav": "/home/cn/lcr/pann/audioset_tagging_cnn-master/audioset/train-55-3/4N5P9-18-6.wav", "labels": "18"}, {"wav": "/home/cn/lcr/pann/audioset_tagging_cnn-master/audioset/train-55-3/4X5P6-7-1.wav", "labels": "7"}, {"wav": "/home/cn/lcr/pann/audioset_tagging_cnn-master/audioset/train-55-3/4X5P6-7-2.wav", "labels": "7"}, {"wav": "/home/cn/lcr/pann/audioset_tagging_cnn-master/audioset/train-55-3/4X5P6-7-3.wav", "labels": "7"}, {"wav": "/home/cn/lcr/pann/audioset_tagging_cnn-master/audioset/train-55-3/4X5P6-7-4.wav", "labels": "7"}, {"wav": "/home/cn/lcr/pann/audioset_tagging_cnn-master/audioset/train-55-3/4X5P6-7-5.wav", "labels": "7"}, {"wav": "/home/cn/lcr/pann/audioset_tagging_cnn-master/audioset/train-55-3/4X5P6-7-6.wav", "labels": "7"}, {"wav": "/home/cn/lcr/pann/audioset_tagging_cnn-master/audioset/train-55-3/4X5P6-7-7.wav", "labels": "7"}, {"wav": "/home/cn/lcr/pann/audioset_tagging_cnn-master/audioset/train-55-3/5P0ON-5-1.wav", "labels": "5"}, {"wav": "/home/cn/lcr/pann/audioset_tagging_cnn-master/audioset/train-55-3/5RPZA-7-1.wav", "labels": "7"}, {"wav": "/home/cn/lcr/pann/audioset_tagging_cnn-master/audioset/train-55-3/5RPZA-7-2.wav", "labels": "7"}]}